name,mut,ene,acid,organ,temp,time,power,result
1,DERA-T203A,5.0,5.0,5.0,5,2.0,15,18.1%
1,DERA-T203A,5.0,5.0,5.0,5,2.0,15,10.1%
1,DERA-T203A,2.5,5.0,7.5,5,0.5,15,27.4%
1,DERA-T203A,2.5,5.0,7.5,5,1.0,15,29.8%
1,DERA-T203A,2.5,5.0,7.5,5,1.5,15,31.4%
1,DERA-T203A,2.5,5.0,7.5,5,2.0,15,40.3%
1,DERA-T203A,2.5,5.0,7.5,5,3.0,15,40.6%
1,DERA-T203A,2.5,5.0,7.5,5,3.5,15,10.3%
1,DERA-T203A,2.5,5.0,7.5,5,4.0,15,35.4%
2,DERA-T203A+24F,2.5,5.0,7.5,5,0.5,15,19.6%
2,DERA-T203A+24F,2.5,5.0,7.5,5,1.0,15,32.3%
2,DERA-T203A+24F,2.5,5.0,7.5,5,1.5,15,35.9%
2,DERA-T203A+24F,2.5,5.0,7.5,5,2.0,15,39.8%
2,DERA-T203A+24F,2.5,5.0,7.5,5,2.5,15,30.4%
2,DERA-T203A+24F,2.5,5.0,7.5,5,3.0,15,33.9%
3,DERA-T203A+24K,2.5,5.0,7.5,5,0.5,15,20.3%
3,DERA-T203A+24K,2.5,5.0,7.5,5,1.0,15,28.2%
3,DERA-T203A+24K,2.5,5.0,7.5,5,1.5,15,35.6%
3,DERA-T203A+24K,2.5,5.0,7.5,5,2.0,15,38.2%
3,DERA-T203A+24K,2.5,5.0,7.5,5,2.5,15,18.0%
3,DERA-T203A+24K,2.5,5.0,7.5,5,3.0,15,20.4%
4,DERA-T203A+24S,2.5,5.0,7.5,5,0.75,15,30.5%
4,DERA-T203A+24S,2.5,5.0,7.5,5,1.0,15,45.8%
4,DERA-T203A+24S,2.5,5.0,7.5,5,1.5,15,30.1%
4,DERA-T203A+24S,2.5,5.0,7.5,5,2.0,15,34.6%
4,DERA-T203A+24S,2.5,5.0,7.5,5,2.5,15,31.9%
4,DERA-T203A+24S,2.5,5.0,7.5,5,3.0,15,28.7%
4,DERA-T203A+24S,2.5,5.0,7.5,5,1.0,12,28.0%
4,DERA-T203A+24S,2.5,5.0,7.5,5,1.5,12,37.0%
4,DERA-T203A+24S,2.5,5.0,7.5,5,2.0,12,29.9%
4,DERA-T203A+24S,2.5,5.0,7.5,5,2.5,12,28.7%
4,DERA-T203A+24S,2.5,5.0,7.5,5,3.5,12,25.0%
4,DERA-T203A+24S,2.5,5.0,7.5,5,1.0,6,33.6%
4,DERA-T203A+24S,2.5,5.0,7.5,5,1.5,6,34.8%
4,DERA-T203A+24S,2.5,5.0,7.5,5,2.0,6,35.1%
4,DERA-T203A+24S,2.5,5.0,7.5,5,2.5,6,31.3%
4,DERA-T203A+24S,2.5,5.0,7.5,5,3.5,6,30.6%
4,DERA-T203A+24S,2.5,5.0,7.5,5,0.5,3,16.7%
4,DERA-T203A+24S,2.5,5.0,7.5,5,1.0,3,11.9%
4,DERA-T203A+24S,2.5,5.0,7.5,5,1.5,3,22.9%
4,DERA-T203A+24S,2.5,5.0,7.5,5,3.0,3,26.8%
4,DERA-T203A+24S,2.5,5.0,7.5,5,4.0,3,29.2%
4,DERA-T203A+24S,2.5,5.0,7.5,5,4.5,3,41.9%
4,DERA-T203A+24S,2.5,5.0,7.5,5,5.0,3,39.1%
4,DERA-T203A+24S,2.5,5.0,7.5,5,5.5,3,40.1%
5,DERA-T203A+18T,2.5,5.0,7.5,5,0.5,15,16.5%
5,DERA-T203A+18T,2.5,5.0,7.5,5,1.0,15,24.3%
5,DERA-T203A+18T,2.5,5.0,7.5,5,1.5,15,25.7%
5,DERA-T203A+18T,2.5,5.0,7.5,5,2.0,15,37.0%
5,DERA-T203A+18T,2.5,5.0,7.5,5,2.5,15,26.1%
6,DERA-T203S+18T,2.5,5.0,7.5,5,0.5,15,8.4%
6,DERA-T203S+18T,2.5,5.0,7.5,5,1.0,15,13.0%
6,DERA-T203S+18T,2.5,5.0,7.5,5,1.5,15,13.2%
6,DERA-T203S+18T,2.5,5.0,7.5,5,2.0,15,13.9%
6,DERA-T203S+18T,2.5,5.0,7.5,5,2.5,15,10.6%
7,DERA-T203A+24E,2.5,5.0,7.5,5,0.5,15,17.9%
7,DERA-T203A+24E,2.5,5.0,7.5,5,1.0,15,24.2%
7,DERA-T203A+24E,2.5,5.0,7.5,5,1.5,15,24.5%
7,DERA-T203A+24E,2.5,5.0,7.5,5,2.0,15,29.4%
7,DERA-T203A+24E,2.5,5.0,7.5,5,2.5,15,23.1%
8,DERA-T203A+24D,2.5,5.0,7.5,5,0.5,15,18.4%
8,DERA-T203A+24D,2.5,5.0,7.5,5,1.0,15,23.1%
8,DERA-T203A+24D,2.5,5.0,7.5,5,1.5,15,20.6%
8,DERA-T203A+24D,2.5,5.0,7.5,5,2.0,15,29.4%
8,DERA-T203A+24D,2.5,5.0,7.5,5,2.5,15,23.1%
4,DERA-T203A+24S,2.5,5.0,7.5,25,0.25,15,15.6%
4,DERA-T203A+24S,2.5,5.0,7.5,25,0.5,15,24.5%
4,DERA-T203A+24S,2.5,5.0,7.5,25,0.75,15,21.1%
4,DERA-T203A+24S,2.5,5.0,7.5,25,1.0,15,18.4%
9,DERA-T203A+238A+24E,2.5,5.0,7.5,5,0.5,15,9.2%
9,DERA-T203A+238A+24E,2.5,5.0,7.5,5,1.0,15,14.9%
9,DERA-T203A+238A+24E,2.5,5.0,7.5,5,1.5,15,15.4%
9,DERA-T203A+238A+24E,2.5,5.0,7.5,5,2.0,15,15.4%
10,DERA-T203A+238A+24D,2.5,5.0,7.5,5,0.5,15,9.3%
10,DERA-T203A+238A+24D,2.5,5.0,7.5,5,1.0,15,18.4%
10,DERA-T203A+238A+24D,2.5,5.0,7.5,5,1.5,15,20.8%
10,DERA-T203A+238A+24D,2.5,5.0,7.5,5,2.0,15,20.0%
1,DERA-T203A,1.0,5.0,5.0,5,2.0,15,16.4%
1,DERA-T203A,1.0,5.0,5.0,5,7.0,15,12.1%
1,DERA-T203A,5.0,5.0,5.0,5,1.0,15,35.1%
1,DERA-T203A,5.0,5.0,5.0,5,1.5,15,13.2%
1,DERA-T203A,5.0,5.0,7.5,5,1.0,15,36.3%
1,DERA-T203A,5.0,5.0,7.5,5,1.5,15,31.1%
1,DERA-T203A,2.5,5.0,5.0,5,2.5,15,34.4%
1,DERA-T203A,2.5,5.0,5.0,5,4.5,15,32.0%
1,DERA-T203A,2.5,5.0,5.0,5,6.5,15,15.7%
1,DERA-T203A,2.5,5.0,7.5,5,2.5,15,28.6%
1,DERA-T203A,2.5,5.0,7.5,5,4.5,15,29.2%
1,DERA-T203A,2.5,5.0,7.5,5,6.5,15,24.9%
1,DERA-T203A,1.0,5.0,5.0,5,0.5,15,12.0%
1,DERA-T203A,1.0,5.0,5.0,5,1.0,15,16.7%
1,DERA-T203A,1.0,5.0,5.0,5,1.5,15,18.5%
1,DERA-T203A,1.0,5.0,5.0,5,2.0,15,19.1%
1,DERA-T203A,1.0,5.0,5.0,5,2.5,15,18.9%
1,DERA-T203A,1.0,5.0,5.0,5,3.5,15,18.3%
1,DERA-T203A,1.0,5.0,7.5,5,0.5,15,12.9%
1,DERA-T203A,1.0,5.0,7.5,5,1.0,15,18.2%
1,DERA-T203A,1.0,5.0,7.5,5,1.5,15,18.8%
1,DERA-T203A,1.0,5.0,7.5,5,2.0,15,18.2%
1,DERA-T203A,1.0,5.0,7.5,5,2.5,15,18.0%
1,DERA-T203A,1.0,5.0,7.5,5,3.5,15,17.8%
1,DERA-T203A,1.0,5.0,5.0,5,4.0,15,13.1%
1,DERA-T203A,1.0,5.0,7.5,5,4.0,15,17.0%
1,DERA-T203A,1.0,5.0,5.0,5,5.0,15,12.7%
1,DERA-T203A,1.0,5.0,7.5,5,5.0,15,11.4%
1,DERA-T203A,1.0,5.0,5.0,5,6.0,15,10.7%
1,DERA-T203A,1.0,5.0,7.5,5,6.0,15,9.2%
